date,player,team,lineup_spot,hr,hr_score
2026-07-07,William Contreras,MIL,4,0.0,47.1
2026-07-07,Sal Frelick,MIL,7,0.0,24.5
2026-07-07,JJ Wetherholt,STL,1,0.0,35.3
2026-07-07,Iván Herrera,STL,2,1.0,38.4
2026-07-07,Alec Burleson,STL,3,0.0,33.5
2026-07-07,Christian Yelich,MIL,1,0.0,47.8
2026-07-07,Luis Lara,MIL,2,0.0,36.1
2026-07-07,Brice Turang,MIL,3,0.0,27.0
2026-07-07,Andrew Vaughn,MIL,4,0.0,36.9
2026-07-07,Garrett Mitchell,MIL,5,0.0,52.4
2026-07-07,Gary Sánchez,MIL,6,0.0,39.4
2026-07-07,Jackson Chourio,MIL,7,0.0,55.4
2026-07-07,Cooper Pratt,MIL,8,0.0,35.9
2026-07-07,Joey Ortiz,MIL,9,1.0,40.5
2026-07-07,Pedro Pagés,STL,1,0.0,31.5
2026-07-07,Jimmy Crooks,STL,2,0.0,29.3
2026-07-07,Jordan Walker,STL,3,1.0,57.2
2026-07-07,Nelson Velázquez,STL,4,1.0,48.6
2026-07-07,Bryan Torres,STL,5,0.0,48.5
2026-07-07,Masyn Winn,STL,6,0.0,34.5
2026-07-07,José Fermín,STL,7,0.0,33.4
2026-07-07,Blaze Jordan,STL,8,0.0,27.6
2026-07-07,Nathan Church,STL,9,0.0,43.5
2026-07-07,Pete Crow-Armstrong,CHC,1,0.0,55.3
2026-07-07,Alex Bregman,CHC,2,0.0,54.8
2026-07-07,Michael Busch,CHC,3,0.0,54.1
2026-07-07,Seiya Suzuki,CHC,4,0.0,61.9
2026-07-07,Ian Happ,CHC,5,0.0,45.5
2026-07-07,Nico Hoerner,CHC,6,0.0,33.1
2026-07-07,Michael Conforto,CHC,7,0.0,60.5
2026-07-07,Dansby Swanson,CHC,8,0.0,62.2
2026-07-07,Miguel Amaya,CHC,9,0.0,36.7
2026-07-07,Taylor Ward,BAL,1,0.0,56.3
2026-07-07,Adley Rutschman,BAL,2,0.0,58.5
2026-07-07,Gunnar Henderson,BAL,3,0.0,69.6
2026-07-07,Pete Alonso,BAL,4,0.0,74.1
2026-07-07,Jeremiah Jackson,BAL,5,0.0,45.8
2026-07-07,Samuel Basallo,BAL,6,0.0,63.8
2026-07-07,Blaze Alexander,BAL,7,0.0,49.1
2026-07-07,Tyler O'Neill,BAL,8,0.0,74.1
2026-07-07,Leody Taveras,BAL,9,0.0,46.8
2026-07-07,Zack Gelof,ATH,1,0.0,31.4
2026-07-07,Nick Kurtz,ATH,2,0.0,38.3
2026-07-07,Shea Langeliers,ATH,3,0.0,41.3
2026-07-07,Jonah Heim,ATH,4,0.0,47.7
2026-07-07,Jacob Wilson,ATH,5,0.0,17.8
2026-07-07,Lawrence Butler,ATH,6,0.0,40.9
2026-07-07,Joshua Kuroda-Grauer,ATH,7,0.0,30.1
2026-07-07,Henry Bolte,ATH,9,1.0,35.7
2026-07-07,Kevin McGonigle,DET,1,0.0,41.6
2026-07-07,Hao-Yu Lee,DET,2,0.0,53.8
2026-07-07,Riley Greene,DET,3,0.0,65.4
2026-07-07,Dillon Dingler,DET,4,0.0,38.4
2026-07-07,Kerry Carpenter,DET,5,0.0,50.8
2026-07-07,Zach McKinstry,DET,6,0.0,27.1
2026-07-07,Spencer Torkelson,DET,7,0.0,50.9
2026-07-07,Ben Malgeri,DET,8,0.0,39.8
2026-07-07,Matt Vierling,DET,9,0.0,36.7
2026-07-07,Michael Harris II,ATL,1,0.0,50.1
2026-07-07,Kyle Farmer,ATL,2,0.0,37.1
2026-07-07,Matt Olson,ATL,3,0.0,82.0
2026-07-07,Joey Bart,ATL,4,0.0,42.4
2026-07-07,José Azócar,ATL,5,0.0,39.5
2026-07-07,Dominic Smith,ATL,6,0.0,37.1
2026-07-07,Austin Riley,ATL,7,0.0,54.3
2026-07-07,Mike Yastrzemski,ATL,8,0.0,46.2
2026-07-07,Jim Jarvis,ATL,9,0.0,37.5
2026-07-07,Jake Mangum,PIT,1,0.0,36.1
2026-07-07,Brandon Lowe,PIT,2,0.0,50.5
2026-07-07,Jack Brannigan,PIT,3,0.0,34.6
2026-07-07,Esmerlyn Valdez,PIT,4,0.0,45.1
2026-07-07,Billy Cook,PIT,5,0.0,33.0
2026-07-07,Nick Gonzales,PIT,6,0.0,29.4
2026-07-07,Tyler Callihan,PIT,7,0.0,38.4
2026-07-07,Jared Triolo,PIT,8,0.0,35.5
2026-07-07,Henry Davis,PIT,9,0.0,48.8
2026-07-07,J.P. Crawford,SEA,1,0.0,27.1
2026-07-07,Randy Arozarena,SEA,2,0.0,59.1
2026-07-07,Weston Wilson,SEA,3,0.0,38.1
2026-07-07,Cal Raleigh,SEA,4,0.0,58.0
2026-07-07,Josh Naylor,SEA,5,0.0,48.3
2026-07-07,Miles Mastrobuoni,SEA,6,0.0,34.9
2026-07-07,Cole Young,SEA,7,1.0,50.1
2026-07-07,Victor Robles,SEA,8,0.0,27.5
2026-07-07,Colt Emerson,SEA,9,0.0,38.9
2026-07-07,Liam Hicks,MIA,1,0.0,38.9
2026-07-07,Kyle Stowers,MIA,2,0.0,55.5
2026-07-07,Otto Lopez,MIA,3,0.0,44.6
2026-07-07,Xavier Edwards,MIA,4,0.0,17.0
2026-07-07,Heriberto Hernández,MIA,5,1.0,56.3
2026-07-07,Esteury Ruiz,MIA,6,0.0,38.1
2026-07-07,Jakob Marsee,MIA,7,0.0,39.1
2026-07-07,Joe Mack,MIA,8,0.0,51.7
2026-07-07,Javier Sanoja,MIA,9,0.0,38.4
2026-07-07,Trent Grisham,NYY,1,0.0,57.1
2026-07-07,Paul Goldschmidt,NYY,2,0.0,63.1
2026-07-07,Ben Rice,NYY,3,1.0,63.6
2026-07-07,Anthony Volpe,NYY,4,0.0,44.4
2026-07-07,Cody Bellinger,NYY,5,0.0,56.7
2026-07-07,José Caballero,NYY,6,0.0,58.8
2026-07-07,Jazz Chisholm Jr.,NYY,7,0.0,54.7
2026-07-07,Jasson Domínguez,NYY,8,0.0,52.8
2026-07-07,Ali Sánchez,NYY,9,0.0,43.2
2026-07-07,Yandy Díaz,TB,1,1.0,47.4
2026-07-07,Jonathan Aranda,TB,2,0.0,42.8
2026-07-07,Junior Caminero,TB,3,0.0,57.9
2026-07-07,Cedric Mullins,TB,4,0.0,55.1
2026-07-07,Chandler Simpson,TB,5,0.0,37.5
2026-07-07,Victor Mesa Jr.,TB,6,1.0,51.5
2026-07-07,Taylor Walls,TB,7,0.0,38.2
2026-07-07,Ben Williamson,TB,8,0.0,41.8
2026-07-07,Hunter Feduccia,TB,9,1.0,48.2
2026-07-07,Braden Shewmake,HOU,1,0.0,40.7
2026-07-07,Yordan Alvarez,HOU,2,0.0,83.3
2026-07-07,Isaac Paredes,HOU,3,0.0,59.0
2026-07-07,Christian Walker,HOU,4,0.0,59.0
2026-07-07,Cam Smith,HOU,5,0.0,47.4
2026-07-07,Taylor Trammell,HOU,6,0.0,45.7
2026-07-07,Brice Matthews,HOU,7,0.0,55.4
2026-07-07,Nick Allen,HOU,8,0.0,39.4
2026-07-07,Christian Vázquez,HOU,9,0.0,41.5
2026-07-07,James Wood,WSH,1,1.0,69.3
2026-07-07,Andrés Chaparro,WSH,2,0.0,54.8
2026-07-07,Curtis Mead,WSH,3,0.0,38.8
2026-07-07,CJ Abrams,WSH,4,0.0,49.0
2026-07-07,Dylan Crews,WSH,5,0.0,45.1
2026-07-07,Daylen Lile,WSH,6,0.0,49.9
2026-07-07,Nasim Nuñez,WSH,7,0.0,45.6
2026-07-07,Jorbit Vivas,WSH,8,0.0,42.2
2026-07-07,José Tena,WSH,9,1.0,56.0
2026-07-07,Carter Jensen,KC,1,0.0,42.5
2026-07-07,Bobby Witt Jr.,KC,2,0.0,59.6
2026-07-07,Lane Thomas,KC,3,0.0,39.6
2026-07-07,Salvador Perez,KC,4,0.0,49.5
2026-07-07,Jac Caglianone,KC,5,0.0,40.0
2026-07-07,Nick Loftin,KC,6,1.0,42.8
2026-07-07,Isaac Collins,KC,7,0.0,40.2
2026-07-07,Michael Massey,KC,8,0.0,27.7
2026-07-07,Tyler Tolbert,KC,9,1.0,54.1
2026-07-07,A.J. Ewing,NYM,1,1.0,53.9
2026-07-07,Juan Soto,NYM,2,1.0,77.5
2026-07-07,Bo Bichette,NYM,3,0.0,39.1
2026-07-07,Francisco Lindor,NYM,4,0.0,52.0
2026-07-07,Carson Benge,NYM,5,0.0,46.0
2026-07-07,Jorge Polanco,NYM,6,0.0,37.7
2026-07-07,Jared Young,NYM,7,0.0,39.3
2026-07-07,Brett Baty,NYM,8,0.0,37.0
2026-07-07,Luis Torrens,NYM,9,0.0,34.2
2026-07-07,Trea Turner,PHI,1,0.0,69.7
2026-07-07,Kyle Schwarber,PHI,2,1.0,86.1
2026-07-07,Bryce Harper,PHI,3,0.0,81.0
2026-07-07,Alec Bohm,PHI,4,0.0,61.9
2026-07-07,Brandon Marsh,PHI,5,0.0,66.7
2026-07-07,J.T. Realmuto,PHI,6,0.0,58.8
2026-07-07,Bryson Stott,PHI,7,0.0,55.7
2026-07-07,Derek Hill,PHI,8,0.0,59.6
2026-07-07,Justin Crawford,PHI,9,0.0,50.6
2026-07-07,Elly De La Cruz,CIN,1,0.0,75.5
2026-07-07,Sal Stewart,CIN,2,0.0,60.0
2026-07-07,JJ Bleday,CIN,3,0.0,48.2
2026-07-07,Eugenio Suárez,CIN,4,1.0,58.3
2026-07-07,Nathaniel Lowe,CIN,5,0.0,50.5
2026-07-07,Spencer Steer,CIN,6,0.0,72.5
2026-07-07,Tyler Stephenson,CIN,7,0.0,51.5
2026-07-07,TJ Friedl,CIN,8,0.0,48.1
2026-07-07,Ivan Johnson,CIN,9,0.0,50.8
2026-07-07,Travis Bazzana,CLE,1,0.0,29.9
2026-07-07,David Fry,CLE,2,0.0,48.8
2026-07-07,Chase DeLauter,CLE,3,0.0,36.6
2026-07-07,Gabriel Arias,CLE,4,0.0,42.0
2026-07-07,Rhys Hoskins,CLE,5,1.0,48.8
2026-07-07,Brayan Rocchio,CLE,6,0.0,29.1
2026-07-07,Daniel Schneemann,CLE,7,0.0,31.1
2026-07-07,Patrick Bailey,CLE,8,0.0,21.9
2026-07-07,Steven Kwan,CLE,9,0.0,23.5
2026-07-07,Austin Martin,MIN,1,0.0,42.1
2026-07-07,Brooks Lee,MIN,2,0.0,45.1
2026-07-07,Josh Bell,MIN,3,0.0,58.4
2026-07-07,Royce Lewis,MIN,4,0.0,54.6
2026-07-07,Victor Caratini,MIN,5,0.0,44.9
2026-07-07,Kody Clemens,MIN,6,0.0,60.1
2026-07-07,Ryan Kreidler,MIN,7,0.0,41.1
2026-07-07,Luke Keaschall,MIN,8,0.0,53.3
2026-07-07,Trevor Larnach,MIN,9,0.0,51.1
2026-07-07,Anthony Seigler,BOS,1,0.0,48.6
2026-07-07,Ceddanne Rafaela,BOS,2,1.0,53.1
2026-07-07,Wilyer Abreu,BOS,3,0.0,47.8
2026-07-07,Willson Contreras,BOS,4,0.0,78.2
2026-07-07,Romy Gonzalez,BOS,5,0.0,58.9
2026-07-07,Caleb Durbin,BOS,6,0.0,60.2
2026-07-07,Jarren Duran,BOS,7,0.0,54.1
2026-07-07,Andruw Monasterio,BOS,8,1.0,58.1
2026-07-07,Connor Wong,BOS,9,0.0,42.4
2026-07-07,Miguel Vargas,CWS,1,0.0,55.0
2026-07-07,Andrew Benintendi,CWS,2,0.0,37.2
2026-07-07,Colson Montgomery,CWS,3,0.0,59.9
2026-07-07,Chase Meidroth,CWS,4,0.0,50.3
2026-07-07,Sam Antonacci,CWS,5,0.0,53.5
2026-07-07,Junior Perez,CWS,6,0.0,48.5
2026-07-07,Kyle Teel,CWS,7,0.0,51.2
2026-07-07,Jacob Gonzalez,CWS,8,0.0,44.3
2026-07-07,Tristan Peters,CWS,9,0.0,55.4
2026-07-07,Zach Neto,LAA,1,0.0,55.3
2026-07-07,Nolan Schanuel,LAA,2,0.0,39.0
2026-07-07,Denzer Guzman,LAA,3,0.0,49.6
2026-07-07,Jorge Soler,LAA,4,0.0,48.2
2026-07-07,Josh Lowe,LAA,5,0.0,62.5
2026-07-07,Jo Adell,LAA,6,0.0,56.7
2026-07-07,Oswald Peraza,LAA,7,0.0,46.8
2026-07-07,Jose Siri,LAA,8,0.0,64.6
2026-07-07,Logan O'Hoppe,LAA,9,0.0,49.9
2026-07-07,Kyle Higashioka,TEX,1,0.0,45.1
2026-07-07,Josh Smith,TEX,2,0.0,52.1
2026-07-07,Jake Burger,TEX,3,0.0,63.0
2026-07-07,Brandon Nimmo,TEX,4,0.0,42.1
2026-07-07,Ezequiel Duran,TEX,5,0.0,39.1
2026-07-07,Justin Foscue,TEX,6,1.0,57.1
2026-07-07,Alejandro Osuna,TEX,7,1.0,46.9
2026-07-07,Elias Díaz,TEX,8,0.0,59.8
2026-07-07,Cam Cauley,TEX,9,0.0,42.3
2026-07-07,Ketel Marte,ARI,1,0.0,73.9
2026-07-07,Geraldo Perdomo,ARI,2,0.0,51.7
2026-07-07,Corbin Carroll,ARI,3,0.0,65.4
2026-07-07,Gabriel Moreno,ARI,4,0.0,45.8
2026-07-07,Lourdes Gurriel Jr.,ARI,5,0.0,55.5
2026-07-07,Nolan Arenado,ARI,6,0.0,70.3
2026-07-07,Pavin Smith,ARI,7,0.0,42.9
2026-07-07,James McCann,ARI,8,0.0,55.4
2026-07-07,Tim Tawa,ARI,9,0.0,53.8
2026-07-07,Fernando Tatis Jr.,SD,1,0.0,75.7
2026-07-07,Jackson Merrill,SD,2,0.0,66.2
2026-07-07,Xander Bogaerts,SD,3,0.0,47.4
2026-07-07,Manny Machado,SD,4,0.0,71.5
2026-07-07,Gavin Sheets,SD,5,0.0,47.6
2026-07-07,Jake Cronenworth,SD,6,1.0,61.2
2026-07-07,Luis Campusano,SD,7,0.0,48.1
2026-07-07,Jase Bowen,SD,8,0.0,46.6
2026-07-07,Sung-Mun Song,SD,9,0.0,52.6
2026-07-07,Ernie Clement,TOR,1,0.0,41.0
2026-07-07,Nathan Lukes,TOR,2,0.0,50.1
2026-07-07,Vladimir Guerrero Jr.,TOR,3,0.0,67.6
2026-07-07,Kazuma Okamoto,TOR,4,0.0,60.1
2026-07-07,Brandon Valenzuela,TOR,5,0.0,44.1
2026-07-07,Daulton Varsho,TOR,6,0.0,47.8
2026-07-07,Sean Keys,TOR,7,0.0,53.1
2026-07-07,Myles Straw,TOR,8,0.0,61.1
2026-07-07,Andrés Giménez,TOR,9,0.0,45.0
2026-07-07,Heliot Ramos,SF,1,0.0,60.6
2026-07-07,Luis Arraez,SF,2,0.0,25.5
2026-07-07,Casey Schmitt,SF,3,0.0,43.7
2026-07-07,Rafael Devers,SF,4,0.0,85.1
2026-07-07,Jung Hoo Lee,SF,5,0.0,38.0
2026-07-07,Willy Adames,SF,6,0.0,54.5
2026-07-07,Bryce Eldridge,SF,7,0.0,50.2
2026-07-07,Victor Bericoto,SF,8,0.0,56.0
2026-07-07,Drew Cavanaugh,SF,9,0.0,41.6
2026-07-07,Willi Castro,COL,1,0.0,41.9
2026-07-07,Kyle Karros,COL,2,0.0,64.3
2026-07-07,TJ Rumfield,COL,3,0.0,53.9
2026-07-07,Cole Carrigg,COL,4,0.0,58.2
2026-07-07,Tyler Freeman,COL,5,0.0,52.0
2026-07-07,Jake McCarthy,COL,6,0.0,59.2
2026-07-07,Ezequiel Tovar,COL,7,0.0,66.3
2026-07-07,Braxton Fulford,COL,8,0.0,49.7
2026-07-07,Mickey Moniak,COL,9,0.0,70.0
2026-07-07,Shohei Ohtani,LAD,1,1.0,84.7
2026-07-07,Andy Pages,LAD,2,0.0,41.7
2026-07-07,Freddie Freeman,LAD,3,0.0,81.1
2026-07-07,Max Muncy,LAD,4,0.0,56.7
2026-07-07,Tommy Edman,LAD,5,0.0,37.9
2026-07-07,Kyle Tucker,LAD,6,0.0,67.2
2026-07-07,Dalton Rushing,LAD,7,0.0,51.4
2026-07-07,Alex Freeland,LAD,8,0.0,45.3
2026-07-07,Alex Call,LAD,9,0.0,47.5
2026-07-08,Ernie Clement,TOR,1,0.0,43.2
2026-07-08,Nathan Lukes,TOR,2,0.0,50.8
2026-07-08,Vladimir Guerrero Jr.,TOR,3,1.0,74.5
2026-07-08,George Springer,TOR,4,1.0,67.3
2026-07-08,Daulton Varsho,TOR,5,0.0,45.2
2026-07-08,Kazuma Okamoto,TOR,6,1.0,65.8
2026-07-08,Alejandro Kirk,TOR,7,0.0,36.8
2026-07-08,Myles Straw,TOR,8,0.0,50.1
2026-07-08,Andrés Giménez,TOR,9,0.0,48.8
2026-07-08,Heliot Ramos,SF,1,0.0,58.6
2026-07-08,Luis Arraez,SF,2,0.0,22.2
2026-07-08,Casey Schmitt,SF,3,0.0,41.8
2026-07-08,Rafael Devers,SF,4,0.0,80.6
2026-07-08,Jung Hoo Lee,SF,5,0.0,33.6
2026-07-08,Willy Adames,SF,6,0.0,51.8
2026-07-08,Bryce Eldridge,SF,7,0.0,48.9
2026-07-08,Drew Gilbert,SF,8,0.0,56.3
2026-07-08,Drew Cavanaugh,SF,9,0.0,38.0
2026-07-08,Pete Crow-Armstrong,CHC,1,1.0,64.3
2026-07-08,Alex Bregman,CHC,2,0.0,55.4
2026-07-08,Michael Busch,CHC,3,0.0,48.6
2026-07-08,Seiya Suzuki,CHC,4,1.0,68.1
2026-07-08,Ian Happ,CHC,5,0.0,45.7
2026-07-08,Nico Hoerner,CHC,6,0.0,34.2
2026-07-08,Justin Dean,CHC,7,0.0,50.5
2026-07-08,Carson Kelly,CHC,8,1.0,61.9
2026-07-08,Dansby Swanson,CHC,9,0.0,58.1
2026-07-08,Gunnar Henderson,BAL,1,0.0,72.3
2026-07-08,Adley Rutschman,BAL,2,0.0,61.0
2026-07-08,Taylor Ward,BAL,3,0.0,63.7
2026-07-08,Pete Alonso,BAL,4,1.0,83.4
2026-07-08,Samuel Basallo,BAL,5,0.0,67.7
2026-07-08,Leody Taveras,BAL,6,0.0,39.2
2026-07-08,Tyler O'Neill,BAL,7,1.0,79.4
2026-07-08,Blaze Alexander,BAL,8,0.0,50.3
2026-07-08,Jackson Holliday,BAL,9,0.0,48.9
2026-07-08,Zack Gelof,ATH,1,0.0,35.0
2026-07-08,Jeff McNeil,ATH,2,0.0,22.1
2026-07-08,Shea Langeliers,ATH,3,0.0,31.4
2026-07-08,Tyler Soderstrom,ATH,4,0.0,37.1
2026-07-08,Jacob Wilson,ATH,5,0.0,20.7
2026-07-08,Lawrence Butler,ATH,6,0.0,42.8
2026-07-08,Joshua Kuroda-Grauer,ATH,7,0.0,35.5
2026-07-08,Carlos Cortes,ATH,8,0.0,31.9
2026-07-08,Henry Bolte,ATH,9,0.0,37.5
2026-07-08,Matt Vierling,DET,1,0.0,31.1
2026-07-08,Jake Rogers,DET,2,1.0,48.6
2026-07-08,Kevin McGonigle,DET,3,0.0,33.5
2026-07-08,Spencer Torkelson,DET,4,1.0,54.4
2026-07-08,Riley Greene,DET,5,0.0,61.9
2026-07-08,Colt Keith,DET,6,0.0,51.9
2026-07-08,James Outman,DET,7,0.0,32.9
2026-07-08,Kerry Carpenter,DET,8,0.0,52.6
2026-07-08,Zach McKinstry,DET,9,0.0,23.8
2026-07-08,Michael Harris II,ATL,1,0.0,47.8
2026-07-08,Ozzie Albies,ATL,2,0.0,48.5
2026-07-08,Matt Olson,ATL,3,0.0,78.6
2026-07-08,Drake Baldwin,ATL,4,0.0,40.9
2026-07-08,Mauricio Dubón,ATL,5,0.0,45.6
2026-07-08,Austin Riley,ATL,6,0.0,50.9
2026-07-08,Mike Yastrzemski,ATL,7,0.0,42.8
2026-07-08,Joey Bart,ATL,8,1.0,57.4
2026-07-08,Jorge Mateo,ATL,9,0.0,38.3
2026-07-08,Jake Mangum,PIT,1,0.0,40.8
2026-07-08,Brandon Lowe,PIT,2,0.0,54.5
2026-07-08,Bryan Reynolds,PIT,3,0.0,62.6
2026-07-08,Esmerlyn Valdez,PIT,4,0.0,45.0
2026-07-08,Ryan O'Hearn,PIT,5,0.0,53.3
2026-07-08,Nick Gonzales,PIT,6,0.0,33.1
2026-07-08,Marcell Ozuna,PIT,7,0.0,61.7
2026-07-08,Jared Triolo,PIT,8,0.0,35.7
2026-07-08,Henry Davis,PIT,9,0.0,38.9
2026-07-08,J.P. Crawford,SEA,1,0.0,18.8
2026-07-08,Randy Arozarena,SEA,2,0.0,46.4
2026-07-08,Dominic Canzone,SEA,3,0.0,33.0
2026-07-08,Cal Raleigh,SEA,4,0.0,46.6
2026-07-08,Josh Naylor,SEA,5,0.0,39.4
2026-07-08,Luke Raley,SEA,6,0.0,26.3
2026-07-08,Cole Young,SEA,7,0.0,40.2
2026-07-08,Victor Robles,SEA,8,0.0,16.0
2026-07-08,Colt Emerson,SEA,9,0.0,26.7
2026-07-08,Liam Hicks,MIA,1,0.0,33.0
2026-07-08,Otto Lopez,MIA,2,0.0,38.1
2026-07-08,Xavier Edwards,MIA,3,0.0,12.0
2026-07-08,Kyle Stowers,MIA,4,1.0,48.2
2026-07-08,Griffin Conine,MIA,5,0.0,33.0
2026-07-08,Heriberto Hernández,MIA,6,0.0,49.0
2026-07-08,Jakob Marsee,MIA,7,0.0,35.3
2026-07-08,Joe Mack,MIA,8,0.0,47.2
2026-07-08,Javier Sanoja,MIA,9,0.0,34.6
2026-07-08,Paul Goldschmidt,NYY,1,0.0,54.1
2026-07-08,Ben Rice,NYY,2,0.0,57.0
2026-07-08,Amed Rosario,NYY,3,0.0,44.5
2026-07-08,Cody Bellinger,NYY,4,0.0,48.6
2026-07-08,Jasson Domínguez,NYY,5,0.0,43.9
2026-07-08,Anthony Volpe,NYY,6,0.0,38.0
2026-07-08,Trent Grisham,NYY,7,0.0,48.3
2026-07-08,Austin Wells,NYY,8,0.0,37.3
2026-07-08,José Caballero,NYY,9,0.0,53.3
2026-07-08,Yandy Díaz,TB,1,0.0,44.5
2026-07-08,Jonathan Aranda,TB,2,0.0,38.1
2026-07-08,Junior Caminero,TB,3,0.0,56.1
2026-07-08,Cedric Mullins,TB,4,0.0,47.0
2026-07-08,Jonny DeLuca,TB,5,0.0,42.5
2026-07-08,Chandler Simpson,TB,6,0.0,34.2
2026-07-08,Ben Williamson,TB,7,0.0,37.7
2026-07-08,Taylor Walls,TB,8,0.0,36.7
2026-07-08,Nick Fortes,TB,9,0.0,39.5
2026-07-08,Jose Altuve,HOU,1,0.0,66.3
2026-07-08,Yordan Alvarez,HOU,2,0.0,86.7
2026-07-08,Isaac Paredes,HOU,3,0.0,64.5
2026-07-08,Christian Walker,HOU,4,0.0,61.9
2026-07-08,Cam Smith,HOU,5,0.0,49.6
2026-07-08,Yainer Diaz,HOU,6,0.0,60.1
2026-07-08,Brice Matthews,HOU,7,0.0,57.0
2026-07-08,Zach Dezenzo,HOU,8,0.0,48.7
2026-07-08,Nick Allen,HOU,9,0.0,45.7
2026-07-08,James Wood,WSH,1,0.0,73.1
2026-07-08,Luis García Jr.,WSH,2,1.0,59.8
2026-07-08,Curtis Mead,WSH,3,0.0,44.2
2026-07-08,CJ Abrams,WSH,4,1.0,54.1
2026-07-08,Daylen Lile,WSH,5,0.0,50.0
2026-07-08,Dylan Crews,WSH,6,0.0,44.7
2026-07-08,Jorbit Vivas,WSH,7,0.0,44.7
2026-07-08,José Tena,WSH,8,0.0,59.2
2026-07-08,Keibert Ruiz,WSH,9,0.0,31.9
2026-07-08,Carter Jensen,KC,1,0.0,57.1
2026-07-08,Bobby Witt Jr.,KC,2,0.0,69.5
2026-07-08,Jac Caglianone,KC,3,0.0,47.9
2026-07-08,Lane Thomas,KC,4,0.0,52.9
2026-07-08,Salvador Perez,KC,5,0.0,62.0
2026-07-08,Starling Marte,KC,6,0.0,44.3
2026-07-08,Nick Loftin,KC,7,0.0,53.0
2026-07-08,Isaac Collins,KC,8,0.0,51.5
2026-07-08,Josh Rojas,KC,9,0.0,35.2
2026-07-08,A.J. Ewing,NYM,1,1.0,63.1
2026-07-08,Juan Soto,NYM,2,0.0,84.5
2026-07-08,Bo Bichette,NYM,3,0.0,48.0
2026-07-08,Francisco Lindor,NYM,4,0.0,57.0
2026-07-08,Carson Benge,NYM,5,0.0,52.8
2026-07-08,Tyrone Taylor,NYM,6,0.0,54.3
2026-07-08,Jared Young,NYM,7,0.0,44.6
2026-07-08,Brett Baty,NYM,8,0.0,41.6
2026-07-08,Francisco Alvarez,NYM,9,0.0,62.2
2026-07-08,Bryce Harper,PHI,1,0.0,72.9
2026-07-08,Kyle Schwarber,PHI,2,1.0,82.5
2026-07-08,Brandon Marsh,PHI,3,0.0,50.7
2026-07-08,Bryson Stott,PHI,4,0.0,43.9
2026-07-08,Alec Bohm,PHI,5,0.0,47.3
2026-07-08,Gabriel Rincones Jr.,PHI,6,0.0,49.0
2026-07-08,Justin Crawford,PHI,7,0.0,45.2
2026-07-08,Rafael Marchán,PHI,8,0.0,43.5
2026-07-08,Edmundo Sosa,PHI,9,0.0,45.2
2026-07-08,Elly De La Cruz,CIN,1,1.0,72.4
2026-07-08,Sal Stewart,CIN,2,1.0,60.7
2026-07-08,JJ Bleday,CIN,3,1.0,49.8
2026-07-08,Eugenio Suárez,CIN,4,0.0,51.9
2026-07-08,Spencer Steer,CIN,5,0.0,62.9
2026-07-08,Noelvi Marte,CIN,6,1.0,60.4
2026-07-08,Jose Trevino,CIN,7,0.0,54.5
2026-07-08,Edwin Arroyo,CIN,8,0.0,42.1
2026-07-08,TJ Friedl,CIN,9,0.0,39.5
2026-07-08,Steven Kwan,CLE,1,0.0,35.1
2026-07-08,Chase DeLauter,CLE,2,0.0,49.4
2026-07-08,Brayan Rocchio,CLE,3,1.0,46.2
2026-07-08,Rhys Hoskins,CLE,4,1.0,71.8
2026-07-08,Travis Bazzana,CLE,5,0.0,44.0
2026-07-08,Daniel Schneemann,CLE,6,0.0,43.2
2026-07-08,Kyle Manzardo,CLE,7,0.0,43.6
2026-07-08,Austin Hedges,CLE,8,0.0,64.0
2026-07-08,Kahlil Watson,CLE,9,0.0,45.9
2026-07-08,Austin Martin,MIN,1,0.0,42.5
2026-07-08,Brooks Lee,MIN,2,0.0,46.9
2026-07-08,Kody Clemens,MIN,3,0.0,63.6
2026-07-08,Josh Bell,MIN,4,0.0,63.6
2026-07-08,Royce Lewis,MIN,5,0.0,59.1
2026-07-08,Alex Jackson,MIN,6,0.0,60.1
2026-07-08,Luke Keaschall,MIN,7,0.0,54.4
2026-07-08,Alan Roden,MIN,8,0.0,45.9
2026-07-08,Ryan Kreidler,MIN,9,0.0,45.6
2026-07-08,Andruw Monasterio,BOS,1,0.0,61.2
2026-07-08,Ceddanne Rafaela,BOS,2,0.0,55.2
2026-07-08,Wilyer Abreu,BOS,3,0.0,52.7
2026-07-08,Romy Gonzalez,BOS,4,0.0,61.1
2026-07-08,Masataka Yoshida,BOS,5,0.0,46.1
2026-07-08,Caleb Durbin,BOS,6,0.0,62.9
2026-07-08,Jarren Duran,BOS,7,0.0,58.0
2026-07-08,Carlos Narváez,BOS,8,0.0,50.0
2026-07-08,Tsung-Che Cheng,BOS,9,0.0,50.9
2026-07-08,Miguel Vargas,CWS,1,0.0,58.4
2026-07-08,Randal Grichuk,CWS,2,0.0,55.0
2026-07-08,Colson Montgomery,CWS,3,0.0,65.2
2026-07-08,Chase Meidroth,CWS,4,0.0,55.4
2026-07-08,Sam Antonacci,CWS,5,0.0,55.1
2026-07-08,Braden Montgomery,CWS,6,0.0,46.3
2026-07-08,Junior Perez,CWS,7,0.0,57.0
2026-07-08,Kyle Teel,CWS,8,0.0,53.7
2026-07-08,Tristan Peters,CWS,9,0.0,64.3
2026-07-08,Christian Yelich,MIL,1,0.0,55.5
2026-07-08,Jackson Chourio,MIL,2,0.0,63.0
2026-07-08,Jake Bauers,MIL,3,0.0,45.6
2026-07-08,William Contreras,MIL,4,0.0,50.9
2026-07-08,Garrett Mitchell,MIL,5,0.0,54.7
2026-07-08,Luis Lara,MIL,6,0.0,43.5
2026-07-08,Cooper Pratt,MIL,7,0.0,40.5
2026-07-08,Sal Frelick,MIL,8,0.0,31.0
2026-07-08,Andrew Vaughn,MIL,9,0.0,43.5
2026-07-08,Masyn Winn,STL,1,0.0,45.2
2026-07-08,Iván Herrera,STL,2,0.0,47.5
2026-07-08,Jordan Walker,STL,3,0.0,67.5
2026-07-08,Nathan Church,STL,4,0.0,52.7
2026-07-08,Alec Burleson,STL,5,1.0,51.0
2026-07-08,José Fermín,STL,6,1.0,48.6
2026-07-08,Blaze Jordan,STL,7,0.0,39.2
2026-07-08,Lars Nootbaar,STL,8,0.0,42.8
2026-07-08,Pedro Pagés,STL,9,0.0,41.2
2026-07-08,Zach Neto,LAA,1,0.0,61.3
2026-07-08,Mike Trout,LAA,2,1.0,89.3
2026-07-08,Vaughn Grissom,LAA,3,0.0,39.5
2026-07-08,Jo Adell,LAA,4,1.0,73.3
2026-07-08,Denzer Guzman,LAA,5,0.0,49.9
2026-07-08,Oswald Peraza,LAA,6,0.0,50.3
2026-07-08,Jose Siri,LAA,7,0.0,65.7
2026-07-08,Logan O'Hoppe,LAA,8,0.0,52.9
2026-07-08,Josh Lowe,LAA,9,0.0,58.9
2026-07-08,Kyle Higashioka,TEX,1,1.0,61.8
2026-07-08,Josh Smith,TEX,2,0.0,50.1
2026-07-08,Jake Burger,TEX,3,0.0,65.4
2026-07-08,Justin Foscue,TEX,4,0.0,59.3
2026-07-08,Ezequiel Duran,TEX,5,0.0,38.3
2026-07-08,Evan Carter,TEX,6,0.0,52.9
2026-07-08,Alejandro Osuna,TEX,7,0.0,49.6
2026-07-08,Elias Díaz,TEX,8,0.0,50.0
2026-07-08,Cam Cauley,TEX,9,0.0,44.6
2026-07-08,Jake McCarthy,COL,1,0.0,60.7
2026-07-08,Hunter Goodman,COL,2,0.0,61.5
2026-07-08,Cole Carrigg,COL,3,0.0,57.3
2026-07-08,TJ Rumfield,COL,4,0.0,52.5
2026-07-08,Kyle Karros,COL,5,1.0,66.0
2026-07-08,Tyler Freeman,COL,6,0.0,53.3
2026-07-08,Willi Castro,COL,7,0.0,41.0
2026-07-08,Ezequiel Tovar,COL,8,0.0,61.5
2026-07-08,Braxton Fulford,COL,9,0.0,48.4
2026-07-08,Shohei Ohtani,LAD,1,0.0,89.6
2026-07-08,Tommy Edman,LAD,2,0.0,43.8
2026-07-08,Freddie Freeman,LAD,3,0.0,81.3
2026-07-08,Mookie Betts,LAD,4,0.0,74.8
2026-07-08,Max Muncy,LAD,5,0.0,63.1
2026-07-08,Teoscar Hernández,LAD,6,0.0,54.9
2026-07-08,Kyle Tucker,LAD,7,0.0,73.9
2026-07-08,Andy Pages,LAD,8,0.0,50.3
2026-07-08,Eliezer Alfonzo,LAD,9,0.0,48.3
2026-07-08,Ketel Marte,ARI,1,0.0,70.6
2026-07-08,Ildemaro Vargas,ARI,2,0.0,49.3
2026-07-08,Corbin Carroll,ARI,3,0.0,63.6
2026-07-08,Gabriel Moreno,ARI,4,0.0,45.3
2026-07-08,Max Kepler,ARI,5,0.0,61.8
2026-07-08,Lourdes Gurriel Jr.,ARI,6,0.0,48.1
2026-07-08,Nolan Arenado,ARI,7,0.0,68.3
2026-07-08,Pavin Smith,ARI,8,0.0,40.6
2026-07-08,Tommy Troy,ARI,9,1.0,57.9
2026-07-08,Fernando Tatis Jr.,SD,1,0.0,74.4
2026-07-08,Jackson Merrill,SD,2,0.0,69.6
2026-07-08,Xander Bogaerts,SD,3,0.0,48.4
2026-07-08,Gavin Sheets,SD,4,0.0,51.5
2026-07-08,Jake Cronenworth,SD,5,0.0,63.0
2026-07-08,Luis Campusano,SD,6,1.0,68.2
2026-07-08,Miguel Andujar,SD,7,0.0,39.5
2026-07-08,Jase Bowen,SD,8,0.0,47.5
2026-07-08,Sung-Mun Song,SD,9,0.0,48.1
2026-07-09,Michael Harris II,ATL,1,0.0,46.4
2026-07-09,Ozzie Albies,ATL,2,0.0,45.0
2026-07-09,Matt Olson,ATL,3,1.0,80.5
2026-07-09,Drake Baldwin,ATL,4,0.0,42.7
2026-07-09,Mauricio Dubón,ATL,5,0.0,44.8
2026-07-09,Dominic Smith,ATL,6,0.0,37.9
2026-07-09,Austin Riley,ATL,7,0.0,50.9
2026-07-09,Mike Yastrzemski,ATL,8,1.0,50.9
2026-07-09,Jim Jarvis,ATL,9,1.0,52.2
2026-07-09,Jake Mangum,PIT,1,1.0,41.6
2026-07-09,Brandon Lowe,PIT,2,0.0,52.7
2026-07-09,Bryan Reynolds,PIT,3,1.0,65.0
2026-07-09,Esmerlyn Valdez,PIT,4,1.0,48.0
2026-07-09,Ryan O'Hearn,PIT,5,0.0,53.4
2026-07-09,Nick Gonzales,PIT,6,0.0,28.0
2026-07-09,Tyler Callihan,PIT,7,0.0,41.6
2026-07-09,Rafael Flores Jr.,PIT,8,0.0,43.6
2026-07-09,Jared Triolo,PIT,9,0.0,34.3
2026-07-09,Lane Thomas,KC,1,1.0,53.9
2026-07-09,Bobby Witt Jr.,KC,2,1.0,74.2
2026-07-09,Salvador Perez,KC,3,0.0,54.8
2026-07-09,Josh Rojas,KC,4,0.0,32.0
2026-07-09,Nick Loftin,KC,5,0.0,49.1
2026-07-09,Jac Caglianone,KC,6,0.0,41.4
2026-07-09,Isaac Collins,KC,7,0.0,42.9
2026-07-09,Tyler Tolbert,KC,8,0.0,60.5
2026-07-09,Carter Jensen,KC,9,0.0,45.1
2026-07-09,A.J. Ewing,NYM,1,0.0,62.7
2026-07-09,Juan Soto,NYM,2,1.0,82.9
2026-07-09,Bo Bichette,NYM,3,0.0,40.6
2026-07-09,Carson Benge,NYM,4,0.0,49.1
2026-07-09,Francisco Alvarez,NYM,5,0.0,53.1
2026-07-09,Jared Young,NYM,6,0.0,42.8
2026-07-09,Francisco Lindor,NYM,7,0.0,54.5
2026-07-09,Brett Baty,NYM,8,0.0,38.9
2026-07-09,Luis Torrens,NYM,9,0.0,39.2
2026-07-09,Trent Grisham,NYY,1,0.0,43.6
2026-07-09,Ben Rice,NYY,2,1.0,56.3
2026-07-09,Jasson Domínguez,NYY,3,0.0,40.7
2026-07-09,Cody Bellinger,NYY,4,0.0,47.6
2026-07-09,José Caballero,NYY,5,0.0,48.9
2026-07-09,Jazz Chisholm Jr.,NYY,6,0.0,49.1
2026-07-09,Max Schuemann,NYY,7,0.0,32.3
2026-07-09,Ryan McMahon,NYY,8,0.0,37.8
2026-07-09,Austin Wells,NYY,9,1.0,41.3
2026-07-09,Richie Palacios,TB,1,0.0,47.5
2026-07-09,Jonathan Aranda,TB,2,0.0,42.5
2026-07-09,Junior Caminero,TB,3,1.0,59.3
2026-07-09,Jonny DeLuca,TB,4,0.0,44.5
2026-07-09,Ryan Vilade,TB,5,0.0,47.3
2026-07-09,Chandler Simpson,TB,6,0.0,36.8
2026-07-09,Ben Williamson,TB,7,0.0,42.8
2026-07-09,Taylor Walls,TB,8,0.0,35.9
2026-07-09,Nick Fortes,TB,9,0.0,41.3
2026-07-09,Pete Crow-Armstrong,CHC,1,0.0,66.7
2026-07-09,Alex Bregman,CHC,2,0.0,59.1
2026-07-09,Justin Dean,CHC,3,0.0,51.6
2026-07-09,Carson Kelly,CHC,4,0.0,63.8
2026-07-09,Michael Busch,CHC,5,0.0,49.8
2026-07-09,Nico Hoerner,CHC,6,0.0,38.6
2026-07-09,Ian Happ,CHC,7,0.0,51.4
2026-07-09,Dansby Swanson,CHC,8,0.0,59.9
2026-07-09,Michael Conforto,CHC,9,0.0,64.5
2026-07-09,Adley Rutschman,BAL,1,0.0,54.8
2026-07-09,Taylor Ward,BAL,2,0.0,52.0
2026-07-09,Gunnar Henderson,BAL,3,0.0,67.3
2026-07-09,Pete Alonso,BAL,4,0.0,75.3
2026-07-09,Colton Cowser,BAL,5,0.0,43.7
2026-07-09,Jackson Holliday,BAL,6,0.0,44.5
2026-07-09,Samuel Basallo,BAL,7,0.0,58.5
2026-07-09,Blaze Alexander,BAL,8,0.0,44.5
2026-07-09,Leody Taveras,BAL,9,0.0,34.1
2026-07-09,Travis Bazzana,CLE,1,0.0,50.7
2026-07-09,Brayan Rocchio,CLE,2,0.0,49.1
2026-07-09,Chase DeLauter,CLE,3,1.0,63.7
2026-07-09,Kyle Manzardo,CLE,4,0.0,53.3
2026-07-09,Petey Halpin,CLE,5,0.0,53.0
2026-07-09,Gabriel Arias,CLE,6,1.0,68.4
2026-07-09,Daniel Schneemann,CLE,7,0.0,50.8
2026-07-09,Patrick Bailey,CLE,8,1.0,56.0
2026-07-09,Steven Kwan,CLE,9,0.0,45.3
2026-07-09,Trevor Larnach,MIN,1,0.0,54.5
2026-07-09,Brooks Lee,MIN,2,0.0,48.0
2026-07-09,Kody Clemens,MIN,3,0.0,64.2
2026-07-09,Josh Bell,MIN,4,0.0,63.9
2026-07-09,Royce Lewis,MIN,5,1.0,69.6
2026-07-09,Alan Roden,MIN,6,0.0,43.8
2026-07-09,Luke Keaschall,MIN,7,0.0,53.1
2026-07-09,Tristan Gray,MIN,8,0.0,43.1
2026-07-09,Alex Jackson,MIN,9,0.0,63.6
2026-07-09,Anthony Seigler,BOS,1,0.0,43.5
2026-07-09,Ceddanne Rafaela,BOS,2,0.0,44.4
2026-07-09,Wilyer Abreu,BOS,3,0.0,44.5
2026-07-09,Romy Gonzalez,BOS,4,0.0,50.7
2026-07-09,Caleb Durbin,BOS,5,1.0,59.6
2026-07-09,Andruw Monasterio,BOS,6,0.0,51.3
2026-07-09,Jarren Duran,BOS,7,0.0,49.6
2026-07-09,Brett Harris,BOS,8,0.0,43.8
2026-07-09,Connor Wong,BOS,9,0.0,38.4
2026-07-09,Chase Meidroth,CWS,1,0.0,47.0
2026-07-09,Andrew Benintendi,CWS,2,0.0,40.2
2026-07-09,Miguel Vargas,CWS,3,0.0,57.3
2026-07-09,Colson Montgomery,CWS,4,0.0,60.3
2026-07-09,Tristan Peters,CWS,5,0.0,57.1
2026-07-09,Sam Antonacci,CWS,6,0.0,48.7
2026-07-09,Braden Montgomery,CWS,7,0.0,50.8
2026-07-09,Jacob Gonzalez,CWS,8,0.0,48.3
2026-07-09,Kyle Teel,CWS,9,0.0,54.0
2026-07-09,Joshua Kuroda-Grauer,ATH,1,0.0,36.1
2026-07-09,Nick Kurtz,ATH,2,0.0,43.5
2026-07-09,Shea Langeliers,ATH,3,0.0,37.1
2026-07-09,Jonah Heim,ATH,4,0.0,47.4
2026-07-09,Jacob Wilson,ATH,5,0.0,25.5
2026-07-09,Lawrence Butler,ATH,6,0.0,51.9
2026-07-09,Tyler Soderstrom,ATH,7,0.0,38.1
2026-07-09,Henry Bolte,ATH,8,0.0,42.6
2026-07-09,Jeff McNeil,ATH,9,0.0,24.6
2026-07-09,Kevin McGonigle,DET,1,0.0,38.1
2026-07-09,Matt Vierling,DET,2,0.0,35.6
2026-07-09,Spencer Torkelson,DET,3,0.0,54.7
2026-07-09,Riley Greene,DET,4,0.0,65.3
2026-07-09,Hao-Yu Lee,DET,5,0.0,36.4
2026-07-09,Eduardo Valencia,DET,6,1.0,55.5
2026-07-09,Zach McKinstry,DET,7,1.0,34.3
2026-07-09,Jake Rogers,DET,8,1.0,51.7
2026-07-09,James Outman,DET,9,0.0,39.2
2026-07-09,J.P. Crawford,SEA,1,0.0,20.2
2026-07-09,Randy Arozarena,SEA,2,1.0,51.3
2026-07-09,Dominic Canzone,SEA,3,1.0,40.2
2026-07-09,Cal Raleigh,SEA,4,0.0,45.6
2026-07-09,Josh Naylor,SEA,5,0.0,41.4
2026-07-09,Luke Raley,SEA,6,0.0,27.3
2026-07-09,Cole Young,SEA,7,0.0,37.9
2026-07-09,Victor Robles,SEA,8,0.0,20.1
2026-07-09,Colt Emerson,SEA,9,0.0,29.1
2026-07-09,Liam Hicks,MIA,1,0.0,36.6
2026-07-09,Otto Lopez,MIA,2,0.0,37.7
2026-07-09,Xavier Edwards,MIA,3,0.0,15.9
2026-07-09,Kyle Stowers,MIA,4,0.0,54.2
2026-07-09,Heriberto Hernández,MIA,5,0.0,49.3
2026-07-09,Griffin Conine,MIA,6,1.0,40.2
2026-07-09,Esteury Ruiz,MIA,7,0.0,33.9
2026-07-09,Jakob Marsee,MIA,8,0.0,37.5
2026-07-09,Javier Sanoja,MIA,9,0.0,31.5
2026-07-09,Trea Turner,PHI,1,0.0,55.7
2026-07-09,Kyle Schwarber,PHI,2,0.0,80.7
2026-07-09,Bryce Harper,PHI,3,0.0,71.5
2026-07-09,Brandon Marsh,PHI,4,0.0,46.1
2026-07-09,Alec Bohm,PHI,5,0.0,46.3
2026-07-09,Bryson Stott,PHI,6,0.0,40.8
2026-07-09,Derek Hill,PHI,7,0.0,43.4
2026-07-09,J.T. Realmuto,PHI,8,0.0,58.6
2026-07-09,Justin Crawford,PHI,9,0.0,42.9
2026-07-09,Elly De La Cruz,CIN,1,0.0,82.6
2026-07-09,Sal Stewart,CIN,2,0.0,66.8
2026-07-09,JJ Bleday,CIN,3,0.0,58.9
2026-07-09,Spencer Steer,CIN,4,0.0,69.9
2026-07-09,Eugenio Suárez,CIN,5,0.0,58.9
2026-07-09,Tyler Stephenson,CIN,6,0.0,50.8
2026-07-09,Noelvi Marte,CIN,7,0.0,64.8
2026-07-09,Edwin Arroyo,CIN,8,0.0,49.1
2026-07-09,TJ Friedl,CIN,9,0.0,42.9
2026-07-09,Garrett Mitchell,MIL,1,0.0,47.9
2026-07-09,Jackson Chourio,MIL,2,0.0,59.6
2026-07-09,Brice Turang,MIL,3,1.0,31.3
2026-07-09,William Contreras,MIL,4,0.0,47.0
2026-07-09,Jake Bauers,MIL,5,1.0,50.3
2026-07-09,Andrew Vaughn,MIL,6,0.0,38.0
2026-07-09,Sal Frelick,MIL,7,0.0,29.3
2026-07-09,Cooper Pratt,MIL,8,0.0,41.8
2026-07-09,Joey Ortiz,MIL,9,0.0,41.1
2026-07-09,JJ Wetherholt,STL,1,0.0,37.6
2026-07-09,Iván Herrera,STL,2,0.0,43.5
2026-07-09,Alec Burleson,STL,3,0.0,41.7
2026-07-09,Jordan Walker,STL,4,1.0,62.4
2026-07-09,Lars Nootbaar,STL,5,0.0,35.1
2026-07-09,Masyn Winn,STL,6,0.0,40.3
2026-07-09,Bryan Torres,STL,7,0.0,49.8
2026-07-09,José Fermín,STL,8,0.0,36.7
2026-07-09,Nathan Church,STL,9,0.0,43.8
2026-07-09,Zach Neto,LAA,1,0.0,49.3
2026-07-09,Mike Trout,LAA,2,0.0,81.4
2026-07-09,Oswald Peraza,LAA,3,0.0,42.8
2026-07-09,Jorge Soler,LAA,4,0.0,42.1
2026-07-09,Vaughn Grissom,LAA,5,0.0,32.1
2026-07-09,Jo Adell,LAA,6,0.0,67.3
2026-07-09,Denzer Guzman,LAA,7,0.0,43.6
2026-07-09,Logan O'Hoppe,LAA,8,0.0,43.3
2026-07-09,Jose Siri,LAA,9,0.0,59.6
2026-07-09,Nicky Lopez,TEX,1,0.0,39.4
2026-07-09,Wyatt Langford,TEX,2,0.0,72.1
2026-07-09,Brandon Nimmo,TEX,3,1.0,60.6
2026-07-09,Josh Jung,TEX,4,0.0,53.4
2026-07-09,Jake Burger,TEX,5,0.0,76.6
2026-07-09,Ezequiel Duran,TEX,6,1.0,60.1
2026-07-09,Elias Díaz,TEX,7,0.0,60.8
2026-07-09,Evan Carter,TEX,8,0.0,53.1
2026-07-09,Alejandro Osuna,TEX,9,0.0,58.9
2026-07-09,Ketel Marte,ARI,1,0.0,57.7
2026-07-09,Geraldo Perdomo,ARI,2,0.0,37.5
2026-07-09,Corbin Carroll,ARI,3,0.0,50.7
2026-07-09,Gabriel Moreno,ARI,4,0.0,32.6
2026-07-09,Max Kepler,ARI,5,0.0,46.0
2026-07-09,Jorge Barrosa,ARI,6,0.0,37.7
2026-07-09,Nolan Arenado,ARI,7,1.0,65.3
2026-07-09,Tommy Troy,ARI,8,0.0,44.3
2026-07-09,Ildemaro Vargas,ARI,9,0.0,40.9
2026-07-09,Fernando Tatis Jr.,SD,1,0.0,57.8
2026-07-09,Jackson Merrill,SD,2,0.0,49.3
2026-07-09,Xander Bogaerts,SD,3,0.0,32.4
2026-07-09,Manny Machado,SD,4,1.0,57.9
2026-07-09,Gavin Sheets,SD,5,0.0,33.6
2026-07-09,Jake Cronenworth,SD,6,0.0,40.5
2026-07-09,Luis Campusano,SD,7,0.0,47.6
2026-07-09,Miguel Andujar,SD,8,0.0,18.3
2026-07-09,Sung-Mun Song,SD,9,0.0,31.8
2026-07-09,Jake McCarthy,COL,1,0.0,55.4
2026-07-09,Kyle Karros,COL,2,0.0,69.3
2026-07-09,Cole Carrigg,COL,3,0.0,59.4
2026-07-09,Hunter Goodman,COL,4,0.0,61.1
2026-07-09,TJ Rumfield,COL,5,0.0,54.0
2026-07-09,Tyler Freeman,COL,6,0.0,50.8
2026-07-09,Willi Castro,COL,7,1.0,49.8
2026-07-09,Edouard Julien,COL,8,0.0,62.8
2026-07-09,Braxton Fulford,COL,9,0.0,52.4
2026-07-09,Heliot Ramos,SF,1,0.0,56.1
2026-07-09,Luis Arraez,SF,2,0.0,27.3
2026-07-09,Casey Schmitt,SF,3,1.0,52.1
2026-07-09,Rafael Devers,SF,4,0.0,85.3
2026-07-09,Willy Adames,SF,5,1.0,58.1
2026-07-09,Bryce Eldridge,SF,6,1.0,55.3
2026-07-09,Jung Hoo Lee,SF,7,0.0,35.5
2026-07-09,Drew Gilbert,SF,8,0.0,53.6
2026-07-09,Drew Cavanaugh,SF,9,0.0,38.3
2026-07-10,Trea Turner,PHI,1,0.0,52.4
2026-07-10,Kyle Schwarber,PHI,2,0.0,72.3
2026-07-10,Bryce Harper,PHI,3,0.0,61.6
2026-07-10,Brandon Marsh,PHI,4,0.0,44.7
2026-07-10,Alec Bohm,PHI,5,0.0,40.9
2026-07-10,Bryson Stott,PHI,6,0.0,38.4
2026-07-10,Gabriel Rincones Jr.,PHI,7,0.0,39.5
2026-07-10,Derek Hill,PHI,8,1.0,49.5
2026-07-10,Rafael Marchán,PHI,9,0.0,34.2
2026-07-10,Kevin McGonigle,DET,1,1.0,39.4
2026-07-10,Colt Keith,DET,2,1.0,47.8
2026-07-10,Ben Malgeri,DET,3,0.0,30.9
2026-07-10,Spencer Torkelson,DET,4,1.0,55.6
2026-07-10,Matt Vierling,DET,5,0.0,29.3
2026-07-10,Eduardo Valencia,DET,6,0.0,49.6
2026-07-10,Zach McKinstry,DET,7,0.0,31.2
2026-07-10,James Outman,DET,8,0.0,32.9
2026-07-10,Jake Rogers,DET,9,0.0,44.9
2026-07-10,Anthony Volpe,NYY,1,0.0,53.2
2026-07-10,Ben Rice,NYY,2,1.0,72.9
2026-07-10,Trent Grisham,NYY,3,0.0,58.7
2026-07-10,Paul Goldschmidt,NYY,4,0.0,67.9
2026-07-10,Cody Bellinger,NYY,5,0.0,64.9
2026-07-10,Jasson Domínguez,NYY,6,1.0,63.3
2026-07-10,Jazz Chisholm Jr.,NYY,7,1.0,72.3
2026-07-10,José Caballero,NYY,8,0.0,66.3
2026-07-10,Austin Wells,NYY,9,1.0,72.0
2026-07-10,James Wood,WSH,1,1.0,74.7
2026-07-10,Curtis Mead,WSH,2,0.0,44.8
2026-07-10,Dylan Crews,WSH,3,0.0,51.9
2026-07-10,CJ Abrams,WSH,4,0.0,58.2
2026-07-10,Jacob Young,WSH,5,0.0,26.5
2026-07-10,Daylen Lile,WSH,6,0.0,49.0
2026-07-10,Jorbit Vivas,WSH,7,0.0,45.9
2026-07-10,Luis García Jr.,WSH,8,0.0,65.5
2026-07-10,Keibert Ruiz,WSH,9,1.0,48.4
2026-07-10,Carter Jensen,KC,1,0.0,41.9
2026-07-10,Bobby Witt Jr.,KC,2,0.0,73.0
2026-07-10,Jac Caglianone,KC,3,1.0,46.5
2026-07-10,Lane Thomas,KC,4,0.0,51.9
2026-07-10,Michael Massey,KC,5,0.0,31.3
2026-07-10,Salvador Perez,KC,6,0.0,55.2
2026-07-10,Josh Rojas,KC,7,0.0,29.1
2026-07-10,Nick Loftin,KC,8,0.0,41.3
2026-07-10,Isaac Collins,KC,9,1.0,47.6
2026-07-10,Gunnar Henderson,BAL,1,0.0,60.6
2026-07-10,Adley Rutschman,BAL,2,0.0,48.5
2026-07-10,Taylor Ward,BAL,3,0.0,50.5
2026-07-10,Pete Alonso,BAL,4,0.0,72.1
2026-07-10,Samuel Basallo,BAL,5,1.0,55.3
2026-07-10,Tyler O'Neill,BAL,6,0.0,68.0
2026-07-10,Colton Cowser,BAL,7,0.0,38.5
2026-07-10,Blaze Alexander,BAL,8,1.0,45.0
2026-07-10,Jackson Holliday,BAL,9,0.0,39.9
2026-07-10,Pete Crow-Armstrong,CHC,1,0.0,62.2
2026-07-10,Alex Bregman,CHC,2,0.0,56.0
2026-07-10,Michael Busch,CHC,3,0.0,45.0
2026-07-10,Seiya Suzuki,CHC,4,0.0,73.0
2026-07-10,Ian Happ,CHC,5,0.0,48.9
2026-07-10,Nico Hoerner,CHC,6,0.0,34.3
2026-07-10,Michael Conforto,CHC,7,0.0,63.7
2026-07-10,Carson Kelly,CHC,8,0.0,54.0
2026-07-10,Dansby Swanson,CHC,9,0.0,57.6
2026-07-10,Elly De La Cruz,CIN,1,1.0,81.5
2026-07-10,Sal Stewart,CIN,2,0.0,65.0
2026-07-10,Spencer Steer,CIN,3,0.0,62.4
2026-07-10,JJ Bleday,CIN,4,1.0,58.6
2026-07-10,Eugenio Suárez,CIN,5,0.0,51.2
2026-07-10,Tyler Stephenson,CIN,6,0.0,46.1
2026-07-10,TJ Friedl,CIN,7,0.0,37.0
2026-07-10,Edwin Arroyo,CIN,8,0.0,46.6
2026-07-10,Ke'Bryan Hayes,CIN,9,0.0,36.3
2026-07-10,J.P. Crawford,SEA,1,0.0,33.4
2026-07-10,Randy Arozarena,SEA,2,0.0,65.6
2026-07-10,Dominic Canzone,SEA,3,0.0,50.9
2026-07-10,Cal Raleigh,SEA,4,0.0,53.2
2026-07-10,Josh Naylor,SEA,5,0.0,53.3
2026-07-10,Luke Raley,SEA,6,0.0,38.8
2026-07-10,Cole Young,SEA,7,1.0,57.5
2026-07-10,Victor Robles,SEA,8,0.0,28.0
2026-07-10,Buddy Kennedy,SEA,9,0.0,41.3
2026-07-10,Yandy Díaz,TB,1,0.0,44.8
2026-07-10,Jonathan Aranda,TB,2,0.0,39.4
2026-07-10,Junior Caminero,TB,3,1.0,55.1
2026-07-10,Cedric Mullins,TB,4,1.0,51.0
2026-07-10,Chandler Simpson,TB,5,0.0,37.2
2026-07-10,Victor Mesa Jr.,TB,6,1.0,55.0
2026-07-10,Taylor Walls,TB,7,0.0,37.3
2026-07-10,Richie Palacios,TB,8,1.0,53.5
2026-07-10,Hunter Feduccia,TB,9,0.0,46.2
2026-07-10,Travis Bazzana,CLE,1,0.0,50.9
2026-07-10,Brayan Rocchio,CLE,2,0.0,49.5
2026-07-10,Chase DeLauter,CLE,3,1.0,70.4
2026-07-10,Kyle Manzardo,CLE,4,0.0,55.3
2026-07-10,Rhys Hoskins,CLE,5,0.0,78.4
2026-07-10,Kahlil Watson,CLE,6,0.0,51.6
2026-07-10,Daniel Schneemann,CLE,7,0.0,51.6
2026-07-10,Austin Hedges,CLE,8,0.0,71.0
2026-07-10,Steven Kwan,CLE,9,0.0,43.9
2026-07-10,Otto Lopez,MIA,1,0.0,58.1
2026-07-10,Heriberto Hernández,MIA,2,1.0,73.8
2026-07-10,Xavier Edwards,MIA,3,0.0,40.3
2026-07-10,Javier Sanoja,MIA,4,0.0,54.2
2026-07-10,Kyle Stowers,MIA,5,0.0,73.5
2026-07-10,Liam Hicks,MIA,6,0.0,54.9
2026-07-10,Griffin Conine,MIA,7,0.0,62.7
2026-07-10,Jakob Marsee,MIA,8,0.0,52.7
2026-07-10,Joe Mack,MIA,9,0.0,67.9
2026-07-10,Anthony Seigler,BOS,1,1.0,59.7
2026-07-10,Ceddanne Rafaela,BOS,2,0.0,58.2
2026-07-10,Wilyer Abreu,BOS,3,1.0,58.3
2026-07-10,Romy Gonzalez,BOS,4,0.0,61.3
2026-07-10,Masataka Yoshida,BOS,5,0.0,42.5
2026-07-10,Caleb Durbin,BOS,6,0.0,64.5
2026-07-10,Jarren Duran,BOS,7,0.0,56.5
2026-07-10,Connor Wong,BOS,8,0.0,45.7
2026-07-10,Tsung-Che Cheng,BOS,9,0.0,51.6
2026-07-10,A.J. Ewing,NYM,1,0.0,63.7
2026-07-10,Juan Soto,NYM,2,0.0,84.7
2026-07-10,Francisco Lindor,NYM,3,0.0,54.1
2026-07-10,Carson Benge,NYM,4,0.0,48.0
2026-07-10,Jorge Polanco,NYM,5,0.0,44.0
2026-07-10,Jared Young,NYM,6,0.0,42.3
2026-07-10,Francisco Alvarez,NYM,7,0.0,57.4
2026-07-10,Brett Baty,NYM,8,1.0,45.1
2026-07-10,Tyrone Taylor,NYM,9,0.0,53.7
2026-07-10,Lawrence Butler,ATH,1,0.0,63.7
2026-07-10,Carlos Cortes,ATH,2,0.0,50.4
2026-07-10,Colby Thomas,ATH,3,0.0,54.9
2026-07-10,Jonah Heim,ATH,4,0.0,59.5
2026-07-10,Alika Williams,ATH,5,0.0,55.4
2026-07-10,Joey Meneses,ATH,6,0.0,39.8
2026-07-10,Joshua Kuroda-Grauer,ATH,7,0.0,55.4
2026-07-10,Henry Bolte,ATH,8,0.0,58.3
2026-07-10,Jeff McNeil,ATH,9,0.0,41.7
2026-07-10,Sam Antonacci,CWS,1,0.0,58.7
2026-07-10,Junior Perez,CWS,2,0.0,56.7
2026-07-10,Miguel Vargas,CWS,3,1.0,64.0
2026-07-10,Colson Montgomery,CWS,4,0.0,69.1
2026-07-10,Braden Montgomery,CWS,5,0.0,58.1
2026-07-10,Chase Meidroth,CWS,6,0.0,56.0
2026-07-10,Andrew Benintendi,CWS,7,0.0,46.8
2026-07-10,Kyle Teel,CWS,8,0.0,63.7
2026-07-10,Tristan Peters,CWS,9,1.0,76.4
2026-07-10,Jeremy Peña,HOU,1,0.0,51.7
2026-07-10,Yordan Alvarez,HOU,2,1.0,89.9
2026-07-10,Isaac Paredes,HOU,3,0.0,64.6
2026-07-10,Christian Walker,HOU,4,0.0,62.9
2026-07-10,Jose Altuve,HOU,5,0.0,70.1
2026-07-10,Zach Dezenzo,HOU,6,0.0,49.9
2026-07-10,Cam Smith,HOU,7,0.0,53.2
2026-07-10,Yainer Diaz,HOU,8,1.0,68.9
2026-07-10,Brice Matthews,HOU,9,0.0,54.1
2026-07-10,Elias Díaz,TEX,1,0.0,46.6
2026-07-10,Wyatt Langford,TEX,2,1.0,74.9
2026-07-10,Josh Jung,TEX,3,0.0,44.1
2026-07-10,Brandon Nimmo,TEX,4,0.0,50.0
2026-07-10,Jake Burger,TEX,5,1.0,69.7
2026-07-10,Ezequiel Duran,TEX,6,0.0,49.3
2026-07-10,Evan Carter,TEX,7,0.0,46.1
2026-07-10,Justin Foscue,TEX,8,0.0,64.2
2026-07-10,Kyle Higashioka,TEX,9,0.0,58.9
2026-07-10,Zach Neto,LAA,1,0.0,48.5
2026-07-10,Nolan Schanuel,LAA,2,0.0,31.5
2026-07-10,Denzer Guzman,LAA,3,0.0,39.8
2026-07-10,Jorge Soler,LAA,4,0.0,36.8
2026-07-10,Josh Lowe,LAA,5,0.0,47.3
2026-07-10,Jo Adell,LAA,6,0.0,63.2
2026-07-10,Oswald Peraza,LAA,7,0.0,38.9
2026-07-10,Jose Siri,LAA,8,0.0,45.8
2026-07-10,Tyler Heineman,LAA,9,0.0,39.7
2026-07-10,Trevor Larnach,MIN,1,0.0,41.7
2026-07-10,Ryan Jeffers,MIN,2,0.0,33.9
2026-07-10,Kody Clemens,MIN,3,0.0,44.5
2026-07-10,Josh Bell,MIN,4,0.0,49.0
2026-07-10,Royce Lewis,MIN,5,0.0,48.7
2026-07-10,Brooks Lee,MIN,6,0.0,34.2
2026-07-10,Austin Martin,MIN,7,0.0,31.4
2026-07-10,Victor Caratini,MIN,8,0.0,37.4
2026-07-10,Luke Keaschall,MIN,9,0.0,39.7
2026-07-10,Michael Harris II,ATL,1,0.0,38.7
2026-07-10,Ozzie Albies,ATL,2,0.0,34.0
2026-07-10,Matt Olson,ATL,3,0.0,73.4
2026-07-10,Drake Baldwin,ATL,4,0.0,36.1
2026-07-10,Mauricio Dubón,ATL,5,0.0,41.3
2026-07-10,Eli White,ATL,6,0.0,50.7
2026-07-10,Austin Riley,ATL,7,0.0,48.0
2026-07-10,Dominic Smith,ATL,8,0.0,32.2
2026-07-10,Jorge Mateo,ATL,9,0.0,31.5
2026-07-10,JJ Wetherholt,STL,1,0.0,51.5
2026-07-10,Iván Herrera,STL,2,0.0,48.2
2026-07-10,Jordan Walker,STL,3,0.0,70.4
2026-07-10,Lars Nootbaar,STL,4,0.0,45.4
2026-07-10,Alec Burleson,STL,5,0.0,51.4
2026-07-10,Masyn Winn,STL,6,0.0,41.8
2026-07-10,Nathan Church,STL,7,0.0,44.0
2026-07-10,Blaze Jordan,STL,8,0.0,44.1
2026-07-10,Jimmy Crooks,STL,9,1.0,57.4
2026-07-10,Ernie Clement,TOR,1,0.0,33.7
2026-07-10,Vladimir Guerrero Jr.,TOR,2,0.0,65.7
2026-07-10,Kazuma Okamoto,TOR,3,1.0,57.6
2026-07-10,George Springer,TOR,4,0.0,58.1
2026-07-10,Alejandro Kirk,TOR,5,0.0,31.2
2026-07-10,Daulton Varsho,TOR,6,0.0,38.6
2026-07-10,Andrés Giménez,TOR,7,0.0,41.5
2026-07-10,Myles Straw,TOR,8,0.0,40.6
2026-07-10,Nathan Lukes,TOR,9,0.0,40.4
2026-07-10,Fernando Tatis Jr.,SD,1,0.0,58.9
2026-07-10,Jackson Merrill,SD,2,0.0,48.1
2026-07-10,Xander Bogaerts,SD,3,1.0,39.6
2026-07-10,Manny Machado,SD,4,0.0,59.8
2026-07-10,Gavin Sheets,SD,5,0.0,34.6
2026-07-10,Ty France,SD,6,0.0,34.7
2026-07-10,Jake Cronenworth,SD,7,0.0,42.1
2026-07-10,Luis Rengifo,SD,8,0.0,24.0
2026-07-10,Luis Campusano,SD,9,0.0,46.2
2026-07-10,Ketel Marte,ARI,1,0.0,60.2
2026-07-10,Geraldo Perdomo,ARI,2,0.0,42.2
2026-07-10,Corbin Carroll,ARI,3,0.0,56.5
2026-07-10,Gabriel Moreno,ARI,4,0.0,39.7
2026-07-10,Lourdes Gurriel Jr.,ARI,5,0.0,43.4
2026-07-10,Ildemaro Vargas,ARI,6,0.0,45.5
2026-07-10,Nolan Arenado,ARI,7,0.0,66.1
2026-07-10,Jorge Barrosa,ARI,8,0.0,44.5
2026-07-10,Tim Tawa,ARI,9,1.0,56.6
2026-07-10,Shohei Ohtani,LAD,1,1.0,87.8
2026-07-10,Andy Pages,LAD,2,1.0,49.1
2026-07-10,Alex Call,LAD,3,0.0,46.8
2026-07-10,Alex Freeland,LAD,4,0.0,44.1
2026-07-10,Tommy Edman,LAD,5,0.0,37.5
2026-07-10,Eliezer Alfonzo,LAD,6,0.0,41.8
2026-07-10,Teoscar Hernández,LAD,7,0.0,40.6
2026-07-10,Miguel Rojas,LAD,8,0.0,47.1
2026-07-10,Dalton Rushing,LAD,9,0.0,43.9
2026-07-10,Jake McCarthy,COL,1,0.0,42.2
2026-07-10,Kyle Karros,COL,2,0.0,59.8
2026-07-10,Cole Carrigg,COL,3,0.0,55.4
2026-07-10,Hunter Goodman,COL,4,0.0,58.6
2026-07-10,Edouard Julien,COL,5,0.0,60.1
2026-07-10,Tyler Freeman,COL,6,0.0,47.0
2026-07-10,Willi Castro,COL,7,0.0,41.5
2026-07-10,Mickey Moniak,COL,8,0.0,52.9
2026-07-10,Troy Johnston,COL,9,0.0,49.7
2026-07-10,Grant McCray,SF,1,0.0,38.1
2026-07-10,Luis Arraez,SF,2,0.0,22.6
2026-07-10,Casey Schmitt,SF,3,0.0,48.6
2026-07-10,Rafael Devers,SF,4,1.0,81.3
2026-07-10,Willy Adames,SF,5,0.0,55.4
2026-07-10,Bryce Eldridge,SF,6,0.0,51.2
2026-07-10,Jung Hoo Lee,SF,7,0.0,33.1
2026-07-10,Drew Gilbert,SF,8,0.0,50.2
2026-07-10,Eric Haase,SF,9,0.0,39.1
2026-07-10,Christian Yelich,MIL,1,0.0,55.4
2026-07-10,Garrett Mitchell,MIL,2,0.0,52.5
2026-07-10,Brice Turang,MIL,3,0.0,38.3
2026-07-10,William Contreras,MIL,4,0.0,51.1
2026-07-10,Jake Bauers,MIL,5,0.0,56.9
2026-07-10,Luis Lara,MIL,6,0.0,41.2
2026-07-10,Cooper Pratt,MIL,7,0.0,43.6
2026-07-10,Sal Frelick,MIL,8,0.0,34.2
2026-07-10,Joey Ortiz,MIL,9,0.0,47.6
2026-07-10,Jake Mangum,PIT,1,0.0,47.9
2026-07-10,Brandon Lowe,PIT,2,0.0,56.3
2026-07-10,Bryan Reynolds,PIT,3,0.0,68.4
2026-07-10,Esmerlyn Valdez,PIT,4,0.0,55.0
2026-07-10,Ryan O'Hearn,PIT,5,0.0,55.6
2026-07-10,Nick Gonzales,PIT,6,0.0,31.7
2026-07-10,Tyler Callihan,PIT,7,0.0,42.2
2026-07-10,Jared Triolo,PIT,8,0.0,37.0
2026-07-10,Henry Davis,PIT,9,0.0,40.8
2026-07-11,Sal Frelick,MIL,8,1.0,39.9
2026-07-11,Joey Ortiz,MIL,9,0.0,47.8
2026-07-11,Esmerlyn Valdez,PIT,4,1.0,53.1
2026-07-11,Christian Yelich,MIL,1,0.0,51.2
2026-07-11,Jackson Chourio,MIL,2,0.0,54.0
2026-07-11,Brice Turang,MIL,3,0.0,33.0
2026-07-11,William Contreras,MIL,4,0.0,47.6
2026-07-11,Gary Sánchez,MIL,5,0.0,42.9
2026-07-11,Garrett Mitchell,MIL,6,0.0,44.3
2026-07-11,Luis Lara,MIL,7,0.0,36.8
2026-07-11,Cooper Pratt,MIL,8,0.0,42.8
2026-07-11,Andrew Vaughn,MIL,9,0.0,41.5
2026-07-11,Nick Gonzales,PIT,1,0.0,29.5
2026-07-11,Brandon Lowe,PIT,2,0.0,52.9
2026-07-11,Bryan Reynolds,PIT,3,0.0,61.5
2026-07-11,Jake Mangum,PIT,4,0.0,45.0
2026-07-11,Ryan O'Hearn,PIT,5,0.0,53.8
2026-07-11,Marcell Ozuna,PIT,6,0.0,60.5
2026-07-11,Henry Davis,PIT,7,0.0,38.0
2026-07-11,Jared Triolo,PIT,8,0.0,33.4
2026-07-11,Billy Cook,PIT,9,0.0,35.3
2026-07-11,Zach Neto,LAA,1,0.0,50.4
2026-07-11,Mike Trout,LAA,2,0.0,79.0
2026-07-11,Oswald Peraza,LAA,3,0.0,39.0
2026-07-11,Jorge Soler,LAA,4,0.0,41.4
2026-07-11,Vaughn Grissom,LAA,5,0.0,39.0
2026-07-11,Jo Adell,LAA,6,0.0,64.3
2026-07-11,Wade Meckler,LAA,7,0.0,41.1
2026-07-11,Denzer Guzman,LAA,8,0.0,41.6
2026-07-11,Logan O'Hoppe,LAA,9,0.0,41.0
2026-07-11,Austin Martin,MIN,1,0.0,47.2
2026-07-11,Brooks Lee,MIN,2,0.0,50.5
2026-07-11,Josh Bell,MIN,3,0.0,57.4
2026-07-11,Kody Clemens,MIN,4,0.0,58.1
2026-07-11,Royce Lewis,MIN,5,1.0,71.7
2026-07-11,Victor Caratini,MIN,6,0.0,53.0
2026-07-11,Alan Roden,MIN,7,0.0,50.7
2026-07-11,Ryan Kreidler,MIN,8,0.0,50.1
2026-07-11,Luke Keaschall,MIN,9,0.0,52.4
2026-07-11,Jacob Wilson,ATH,1,0.0,49.2
2026-07-11,Tyler Soderstrom,ATH,2,0.0,70.3
2026-07-11,Shea Langeliers,ATH,3,0.0,52.2
2026-07-11,Jonah Heim,ATH,4,0.0,64.3
2026-07-11,Joshua Kuroda-Grauer,ATH,5,0.0,59.6
2026-07-11,Lawrence Butler,ATH,6,0.0,66.6
2026-07-11,Colby Thomas,ATH,7,0.0,58.0
2026-07-11,Alika Williams,ATH,8,0.0,54.2
2026-07-11,Henry Bolte,ATH,9,0.0,61.4
2026-07-11,Randal Grichuk,CWS,1,0.0,51.2
2026-07-11,Munetaka Murakami,CWS,2,0.0,54.0
2026-07-11,Miguel Vargas,CWS,3,0.0,60.8
2026-07-11,Colson Montgomery,CWS,4,0.0,60.6
2026-07-11,Chase Meidroth,CWS,5,0.0,51.1
2026-07-11,Braden Montgomery,CWS,6,0.0,53.2
2026-07-11,Luisangel Acuña,CWS,7,0.0,52.5
2026-07-11,Tristan Peters,CWS,8,0.0,69.7
2026-07-11,Drew Romo,CWS,9,0.0,52.3
2026-07-11,Jake McCarthy,COL,1,0.0,45.7
2026-07-11,Mickey Moniak,COL,2,0.0,49.7
2026-07-11,Hunter Goodman,COL,3,0.0,57.9
2026-07-11,TJ Rumfield,COL,4,0.0,46.3
2026-07-11,Kyle Karros,COL,5,1.0,65.3
2026-07-11,Troy Johnston,COL,6,0.0,46.4
2026-07-11,Edouard Julien,COL,7,0.0,55.8
2026-07-11,Cole Carrigg,COL,8,0.0,45.9
2026-07-11,Willi Castro,COL,9,0.0,40.1
2026-07-11,Heliot Ramos,SF,1,0.0,64.7
2026-07-11,Luis Arraez,SF,2,0.0,29.9
2026-07-11,Casey Schmitt,SF,3,1.0,61.2
2026-07-11,Rafael Devers,SF,4,0.0,90.1
2026-07-11,Willy Adames,SF,5,0.0,60.4
2026-07-11,Bryce Eldridge,SF,6,0.0,55.3
2026-07-11,Jung Hoo Lee,SF,7,0.0,40.4
2026-07-11,Jesus Rodriguez,SF,8,0.0,51.5
2026-07-11,Drew Gilbert,SF,9,0.0,56.9
2026-07-11,Ryan McMahon,NYY,1,1.0,51.3
2026-07-11,José Caballero,NYY,2,0.0,49.1
2026-07-11,Trent Grisham,NYY,3,1.0,50.6
2026-07-11,Paul Goldschmidt,NYY,4,1.0,60.9
2026-07-11,Cody Bellinger,NYY,5,0.0,48.4
2026-07-11,Jasson Domínguez,NYY,6,0.0,43.5
2026-07-11,Jazz Chisholm Jr.,NYY,7,0.0,56.3
2026-07-11,Anthony Volpe,NYY,8,0.0,37.3
2026-07-11,Austin Wells,NYY,9,0.0,54.2
2026-07-11,James Wood,WSH,1,1.0,68.5
2026-07-11,Luis García Jr.,WSH,2,0.0,59.7
2026-07-11,Curtis Mead,WSH,3,1.0,44.0
2026-07-11,CJ Abrams,WSH,4,0.0,52.3
2026-07-11,Daylen Lile,WSH,5,0.0,43.6
2026-07-11,Dylan Crews,WSH,6,0.0,45.3
2026-07-11,Jorbit Vivas,WSH,7,0.0,39.3
2026-07-11,José Tena,WSH,8,0.0,59.4
2026-07-11,Nasim Nuñez,WSH,9,0.0,42.7
2026-07-11,Anthony Seigler,BOS,1,0.0,55.6
2026-07-11,Ceddanne Rafaela,BOS,2,0.0,53.4
2026-07-11,Wilyer Abreu,BOS,3,0.0,49.6
2026-07-11,Caleb Durbin,BOS,4,0.0,60.0
2026-07-11,Masataka Yoshida,BOS,5,1.0,49.1
2026-07-11,Andruw Monasterio,BOS,6,1.0,65.4
2026-07-11,Jarren Duran,BOS,7,0.0,51.3
2026-07-11,Carlos Narváez,BOS,8,0.0,46.1
2026-07-11,Romy Gonzalez,BOS,9,0.0,49.2
2026-07-11,A.J. Ewing,NYM,1,0.0,66.0
2026-07-11,Juan Soto,NYM,2,0.0,88.9
2026-07-11,Francisco Lindor,NYM,3,0.0,58.4
2026-07-11,Carson Benge,NYM,4,0.0,54.2
2026-07-11,Jorge Polanco,NYM,5,0.0,45.4
2026-07-11,Eric Wagaman,NYM,6,0.0,45.3
2026-07-11,Francisco Alvarez,NYM,7,0.0,58.8
2026-07-11,Brett Baty,NYM,8,0.0,47.3
2026-07-11,Tyrone Taylor,NYM,9,0.0,57.7
2026-07-11,J.P. Crawford,SEA,1,0.0,32.1
2026-07-11,Randy Arozarena,SEA,2,0.0,65.0
2026-07-11,Dominic Canzone,SEA,3,0.0,48.7
2026-07-11,Cal Raleigh,SEA,4,0.0,56.2
2026-07-11,Josh Naylor,SEA,5,0.0,55.8
2026-07-11,Weston Wilson,SEA,6,0.0,43.6
2026-07-11,Cole Young,SEA,7,0.0,57.7
2026-07-11,Miles Mastrobuoni,SEA,8,0.0,43.9
2026-07-11,Colt Emerson,SEA,9,0.0,41.7
2026-07-11,Yandy Díaz,TB,1,0.0,52.0
2026-07-11,Jonathan Aranda,TB,2,0.0,48.0
2026-07-11,Junior Caminero,TB,3,0.0,64.0
2026-07-11,Victor Mesa Jr.,TB,4,0.0,60.5
2026-07-11,Jonny DeLuca,TB,5,0.0,41.7
2026-07-11,Chandler Simpson,TB,6,0.0,44.9
2026-07-11,Ben Williamson,TB,7,0.0,46.1
2026-07-11,Richie Palacios,TB,8,0.0,54.4
2026-07-11,Nick Fortes,TB,9,0.0,35.4
2026-07-11,Travis Bazzana,CLE,1,0.0,52.1
2026-07-11,Brayan Rocchio,CLE,2,0.0,47.0
2026-07-11,Chase DeLauter,CLE,3,0.0,69.0
2026-07-11,Kyle Manzardo,CLE,4,0.0,51.7
2026-07-11,Kahlil Watson,CLE,5,0.0,49.1
2026-07-11,Gabriel Arias,CLE,6,0.0,66.9
2026-07-11,Petey Halpin,CLE,7,0.0,49.8
2026-07-11,Patrick Bailey,CLE,8,0.0,53.4
2026-07-11,Steven Kwan,CLE,9,0.0,39.6
2026-07-11,Liam Hicks,MIA,1,0.0,56.7
2026-07-11,Otto Lopez,MIA,2,0.0,51.4
2026-07-11,Kyle Stowers,MIA,3,0.0,64.7
2026-07-11,Xavier Edwards,MIA,4,0.0,38.6
2026-07-11,Heriberto Hernández,MIA,5,0.0,72.0
2026-07-11,Griffin Conine,MIA,6,0.0,62.3
2026-07-11,Jakob Marsee,MIA,7,0.0,50.9
2026-07-11,Joe Mack,MIA,8,0.0,62.4
2026-07-11,Javier Sanoja,MIA,9,0.0,52.0
2026-07-11,Trea Turner,PHI,1,0.0,62.5
2026-07-11,Kyle Schwarber,PHI,2,0.0,85.2
2026-07-11,Bryce Harper,PHI,3,0.0,74.2
2026-07-11,Brandon Marsh,PHI,4,0.0,53.8
2026-07-11,Alec Bohm,PHI,5,0.0,45.3
2026-07-11,Bryson Stott,PHI,6,0.0,47.7
2026-07-11,J.T. Realmuto,PHI,7,0.0,55.3
2026-07-11,Gabriel Rincones Jr.,PHI,8,0.0,46.4
2026-07-11,Derek Hill,PHI,9,0.0,59.4
2026-07-11,Matt Vierling,DET,1,0.0,45.3
2026-07-11,Kevin McGonigle,DET,2,0.0,53.5
2026-07-11,Dillon Dingler,DET,3,0.0,49.7
2026-07-11,Spencer Torkelson,DET,4,0.0,70.3
2026-07-11,Riley Greene,DET,5,0.0,69.7
2026-07-11,Eduardo Valencia,DET,6,1.0,66.6
2026-07-11,Colt Keith,DET,7,0.0,63.9
2026-07-11,Kerry Carpenter,DET,8,0.0,62.3
2026-07-11,Zach McKinstry,DET,9,0.0,40.9
2026-07-11,Carter Jensen,KC,1,0.0,31.6
2026-07-11,Bobby Witt Jr.,KC,2,0.0,59.0
2026-07-11,Jac Caglianone,KC,3,0.0,35.4
2026-07-11,Lane Thomas,KC,4,0.0,38.9
2026-07-11,Vinnie Pasquantino,KC,5,0.0,26.7
2026-07-11,Salvador Perez,KC,6,0.0,42.1
2026-07-11,Michael Massey,KC,7,0.0,23.1
2026-07-11,Nick Loftin,KC,8,0.0,33.8
2026-07-11,Isaac Collins,KC,9,0.0,37.8
2026-07-11,Gunnar Henderson,BAL,1,1.0,61.2
2026-07-11,Adley Rutschman,BAL,2,0.0,44.2
2026-07-11,Taylor Ward,BAL,3,1.0,53.5
2026-07-11,Pete Alonso,BAL,4,1.0,70.6
2026-07-11,Samuel Basallo,BAL,5,0.0,45.5
2026-07-11,Tyler O'Neill,BAL,6,0.0,62.8
2026-07-11,Coby Mayo,BAL,7,1.0,49.6
2026-07-11,Jackson Holliday,BAL,8,0.0,33.4
2026-07-11,Leody Taveras,BAL,9,0.0,22.8
2026-07-11,Jeremy Peña,HOU,1,0.0,44.2
2026-07-11,Brice Matthews,HOU,2,0.0,51.7
2026-07-11,Isaac Paredes,HOU,3,0.0,59.3
2026-07-11,Christian Walker,HOU,4,0.0,60.1
2026-07-11,Cam Smith,HOU,5,0.0,48.2
2026-07-11,Nick Allen,HOU,6,0.0,42.9
2026-07-11,Yainer Diaz,HOU,7,0.0,58.6
2026-07-11,Taylor Trammell,HOU,8,0.0,45.2
2026-07-11,Christian Vázquez,HOU,9,1.0,55.2
2026-07-11,Joc Pederson,TEX,1,0.0,65.7
2026-07-11,Alejandro Osuna,TEX,2,0.0,52.4
2026-07-11,Josh Jung,TEX,3,0.0,43.9
2026-07-11,Cam Cauley,TEX,4,0.0,44.1
2026-07-11,Justin Foscue,TEX,5,0.0,61.9
2026-07-11,Ezequiel Duran,TEX,6,1.0,50.8
2026-07-11,Evan Carter,TEX,7,0.0,43.0
2026-07-11,Nicky Lopez,TEX,8,0.0,27.8
2026-07-11,Elias Díaz,TEX,9,0.0,46.0
2026-07-11,Pete Crow-Armstrong,CHC,1,0.0,65.0
2026-07-11,Seiya Suzuki,CHC,2,0.0,73.4
2026-07-11,Alex Bregman,CHC,3,1.0,64.7
2026-07-11,Carson Kelly,CHC,4,1.0,66.7
2026-07-11,Michael Busch,CHC,5,0.0,51.2
2026-07-11,Nico Hoerner,CHC,6,0.0,34.6
2026-07-11,Ian Happ,CHC,7,0.0,48.2
2026-07-11,Dansby Swanson,CHC,8,0.0,60.2
2026-07-11,Miguel Amaya,CHC,9,0.0,38.9
2026-07-11,Elly De La Cruz,CIN,1,0.0,75.0
2026-07-11,Sal Stewart,CIN,2,0.0,55.6
2026-07-11,JJ Bleday,CIN,3,1.0,56.5
2026-07-11,Spencer Steer,CIN,4,0.0,59.2
2026-07-11,Nathaniel Lowe,CIN,5,1.0,53.6
2026-07-11,Eugenio Suárez,CIN,6,1.0,52.2
2026-07-11,Tyler Stephenson,CIN,7,0.0,41.2
2026-07-11,Edwin Arroyo,CIN,8,0.0,38.7
2026-07-11,Noelvi Marte,CIN,9,0.0,47.1
2026-07-11,Michael Harris II,ATL,1,0.0,36.3
2026-07-11,Ozzie Albies,ATL,2,0.0,38.7
2026-07-11,Matt Olson,ATL,3,0.0,76.0
2026-07-11,Drake Baldwin,ATL,4,0.0,37.6
2026-07-11,Mauricio Dubón,ATL,5,1.0,41.2
2026-07-11,Austin Riley,ATL,6,0.0,46.5
2026-07-11,Dominic Smith,ATL,7,0.0,36.4
2026-07-11,Joey Bart,ATL,8,0.0,48.5
2026-07-11,Jim Jarvis,ATL,9,0.0,46.3
2026-07-11,JJ Wetherholt,STL,1,0.0,33.9
2026-07-11,Iván Herrera,STL,2,0.0,37.1
2026-07-11,Alec Burleson,STL,3,0.0,40.5
2026-07-11,Jordan Walker,STL,4,0.0,57.4
2026-07-11,Lars Nootbaar,STL,5,1.0,37.6
2026-07-11,Masyn Winn,STL,6,0.0,28.1
2026-07-11,Bryan Torres,STL,7,0.0,36.6
2026-07-11,Blaze Jordan,STL,8,0.0,31.1
2026-07-11,Nathan Church,STL,9,0.0,31.0
2026-07-11,Ernie Clement,TOR,1,0.0,31.7
2026-07-11,Myles Straw,TOR,2,0.0,40.1
2026-07-11,Vladimir Guerrero Jr.,TOR,3,1.0,71.4
2026-07-11,George Springer,TOR,4,0.0,51.6
2026-07-11,Kazuma Okamoto,TOR,5,0.0,58.9
2026-07-11,Daulton Varsho,TOR,6,0.0,35.9
2026-07-11,Alejandro Kirk,TOR,7,0.0,28.4
2026-07-11,Luis Urías,TOR,8,0.0,35.8
2026-07-11,Jonatan Clase,TOR,9,1.0,57.9
2026-07-11,Fernando Tatis Jr.,SD,1,0.0,56.1
2026-07-11,Jackson Merrill,SD,2,0.0,42.3
2026-07-11,Xander Bogaerts,SD,3,0.0,34.6
2026-07-11,Manny Machado,SD,4,0.0,59.7
2026-07-11,Jase Bowen,SD,5,0.0,30.9
2026-07-11,Ty France,SD,6,1.0,39.2
2026-07-11,Jake Cronenworth,SD,7,0.0,39.3
2026-07-11,Luis Campusano,SD,8,0.0,44.9
2026-07-11,Sung-Mun Song,SD,9,0.0,33.0
2026-07-11,Ketel Marte,ARI,1,0.0,61.9
2026-07-11,Geraldo Perdomo,ARI,2,0.0,44.0
2026-07-11,Corbin Carroll,ARI,3,0.0,55.5
2026-07-11,Gabriel Moreno,ARI,4,0.0,37.9
2026-07-11,Max Kepler,ARI,5,0.0,50.9
2026-07-11,Tim Tawa,ARI,6,0.0,54.7
2026-07-11,Ildemaro Vargas,ARI,7,0.0,45.3
2026-07-11,James McCann,ARI,8,1.0,66.7
2026-07-11,Jorge Barrosa,ARI,9,0.0,44.0
2026-07-11,Alex Call,LAD,1,0.0,45.1
2026-07-11,Andy Pages,LAD,2,0.0,50.2
2026-07-11,Alex Freeland,LAD,3,0.0,46.6
2026-07-11,Eliezer Alfonzo,LAD,4,0.0,42.0
2026-07-11,Max Muncy,LAD,5,0.0,57.3
2026-07-11,Kyle Tucker,LAD,6,0.0,69.2
2026-07-11,Teoscar Hernández,LAD,7,0.0,43.3
2026-07-11,Dalton Rushing,LAD,8,0.0,46.4
2026-07-11,Miguel Rojas,LAD,9,0.0,50.0
